{
  "textures": {
    "texture": "minecraft:block/iron_block"
  },
  "elements": [
    {
      "from": [
        -8,
        0,
        -16
      ],
      "to": [
        24,
        16,
        32
      ],
      "rotation": {
        "angle": 45,
        "axis": "x",
        "origin": [
          0,
          8,
          16
        ]
      },
      "faces": {
        "down": {
          "uv": [
            0,
            0,
            16,
            16
          ],
          "texture": "#texture"
        },
        "up": {
          "uv": [
            0,
            0,
            16,
            16
          ],
          "texture": "#texture"
        },
        "east": {
          "uv": [
            0,
            0,
            16,
            16
          ],
          "texture": "#texture"
        },
        "west": {
          "uv": [
            0,
            0,
            16,
            16
          ],
          "texture": "#texture"
        },
        "south": {
          "uv": [
            0,
            0,
            16,
            16
          ],
          "texture": "#texture"
        },
        "north": {
          "uv": [
            0,
            0,
            16,
            16
          ],
          "texture": "#texture"
        }
      }
    },
    {
      "from": [
        -16,
        0,
        -16
      ],
      "to": [
        -8,
        16,
        32
      ],
      "faces": {
        "down": {
          "uv": [
            0,
            0,
            16,
            16
          ],
          "texture": "#texture"
        },
        "up": {
          "uv": [
            0,
            0,
            16,
            16
          ],
          "texture": "#texture"
        },
        "east": {
          "uv": [
            0,
            0,
            16,
            16
          ],
          "texture": "#texture"
        },
        "west": {
          "uv": [
            0,
            0,
            16,
            16
          ],
          "texture": "#texture"
        },
        "south": {
          "uv": [
            0,
            0,
            16,
            16
          ],
          "texture": "#texture"
        },
        "north": {
          "uv": [
            0,
            0,
            16,
            16
          ],
          "texture": "#texture"
        }
      }
    },
    {
      "from": [
        24,
        0,
        -16
      ],
      "to": [
        32,
        16,
        32
      ],
      "faces": {
        "down": {
          "uv": [
            0,
            0,
            16,
            16
          ],
          "texture": "#texture"
        },
        "up": {
          "uv": [
            0,
            0,
            16,
            16
          ],
          "texture": "#texture"
        },
        "east": {
          "uv": [
            0,
            0,
            16,
            16
          ],
          "texture": "#texture"
        },
        "west": {
          "uv": [
            0,
            0,
            16,
            16
          ],
          "texture": "#texture"
        },
        "south": {
          "uv": [
            0,
            0,
            16,
            16
          ],
          "texture": "#texture"
        },
        "north": {
          "uv": [
            0,
            0,
            16,
            16
          ],
          "texture": "#texture"
        }
      }
    }
  ],
  "display": {
    "firstperson_righthand": {
      "rotation": [
        0,
        0,
        0
      ],
      "translation": [
        0,
        0,
        -8
      ],
      "scale": [
        0.25,
        0.25,
        0.25
      ]
    },
    "thirdperson_righthand": {
      "rotation": [
        0,
        0,
        0
      ],
      "translation": [
        0,
        0,
        0
      ],
      "scale": [
        0.125,
        0.125,
        0.125
      ]
    },
    "head": {
      "rotation": [
        0,
        0,
        0
      ],
      "translation": [
        0,
        0,
        0
      ],
      "scale": [
        0.5,
        0.5,
        0.5
      ]
    },
    "ground": {
      "rotation": [
        0,
        0,
        0
      ],
      "translation": [
        0,
        0,
        0
      ],
      "scale": [
        0.25,
        0.25,
        0.25
      ]
    },
    "gui": {
      "rotation": [
        45,
        -135,
        0
      ],
      "translation": [
        0,
        0,
        0
      ],
      "scale": [
        0.25,
        0.25,
        0.25
      ]
    },
    "fixed": {
      "rotation": [
        0,
        90,
        0
      ],
      "translation": [
        0,
        0,
        0
      ],
      "scale": [
        0.25,
        0.25,
        0.25
      ]
    }
  }
}